codigo;descricao;unidade;preco
1379;CIMENTO PORTLAND COMPOSTO CP II-32;KG;0,78
1381;CIMENTO PORTLAND COMPOSTO CP II-32 (SACO DE 50 KG);SC;38,90
1382;CIMENTO PORTLAND CP IV-32 (SACO DE 50 KG);SC;37,40
13285;ARGAMASSA COLANTE TIPO AC I;KG;0,92
37595;ARGAMASSA COLANTE TIPO AC III;KG;2,35
370;AREIA MEDIA - POSTO JAZIDA/FORNECEDOR (RETIRADO NA JAZIDA, SEM TRANSPORTE);M3;95,00
366;AREIA FINA - POSTO JAZIDA/FORNECEDOR (RETIRADO NA JAZIDA, SEM TRANSPORTE);M3;102,00
4721;PEDRA BRITADA N. 1 (9,5 A 19 MM) POSTO PEDREIRA/FORNECEDOR, SEM FRETE;M3;118,50
4722;PEDRA BRITADA N. 2 (19 A 38 MM) POSTO PEDREIRA/FORNECEDOR, SEM FRETE;M3;112,30
7271;BLOCO CERAMICO (ALVENARIA DE VEDACAO), 8 FUROS, DE 9 X 19 X 19 CM;MIL;780,00
7267;BLOCO CERAMICO (ALVENARIA DE VEDACAO), 6 FUROS, DE 9 X 14 X 19 CM;MIL;620,00
650;BLOCO DE CONCRETO ESTRUTURAL 14 X 19 X 39 CM, FBK 4,5 MPA;UN;4,10
34557;TELA DE ACO SOLDADA NERVURADA, CA-60, Q-138, (2,20 KG/M2), DIAMETRO DO FIO = 4,2 MM;M2;24,80
33;ACO CA-50, 8,0 MM, VERGALHAO;KG;8,45
34;ACO CA-50, 10,0 MM, VERGALHAO;KG;8,10
32;ACO CA-50, 6,3 MM, VERGALHAO;KG;8,90
43059;ACO CA-60, 5,0 MM, VERGALHAO;KG;9,20
337;ARAME RECOZIDO 18 BWG, 1,25 MM (0,01 KG/M);KG;14,90
5075;PREGO DE ACO POLIDO COM CABECA 18 X 30 (2 3/4 X 10);KG;16,40
6189;TABUA NAO APARELHADA *2,5 X 30* CM, EM MACARANDUBA, ANGELIM OU EQUIVALENTE DA REGIAO;M;19,80
4491;PONTALETE *7,5 X 7,5* CM EM PINUS, MISTA OU EQUIVALENTE DA REGIAO - BRUTA;M;6,70
1358;CHAPA DE MADEIRA COMPENSADA RESINADA PARA FORMA DE CONCRETO, DE *2,2 X 1,1* M, E = 12 MM;M2;31,50
3767;CAL HIDRATADA CH-I PARA ARGAMASSAS;KG;1,05
1106;CAL HIDRATADA CH-III;KG;0,88
11964;CONCRETO USINADO BOMBEAVEL, CLASSE DE RESISTENCIA C25, COM BRITA 0 E 1, SLUMP = 100 +/- 20 MM;M3;520,00
34494;CONCRETO USINADO CONVENCIONAL (NAO BOMBEAVEL) CLASSE DE RESISTENCIA C20, COM BRITA 1 E 2;M3;470,00
1287;PISO EM CERAMICA ESMALTADA, PEI MAIOR OU IGUAL A 4, FORMATO MENOR OU IGUAL A 2025 CM2;M2;34,90
36179;PORCELANATO ESMALTADO POLIDO, RETIFICADO, 60 X 60 CM;M2;69,90
1294;REVESTIMENTO EM CERAMICA ESMALTADA, PEI 3, FORMATO 30 X 40 CM;M2;29,50
34357;REJUNTE CIMENTICIO, QUALQUER COR;KG;3,80
7356;TINTA LATEX ACRILICA PREMIUM, COR BRANCO FOSCO;L;24,60
7348;TINTA LATEX PVA PREMIUM, COR BRANCA;L;14,20
6085;SELADOR ACRILICO PAREDES INTERNAS/EXTERNAS;L;11,30
3768;MASSA CORRIDA PVA PARA PAREDES INTERNAS;L;6,90
39443;MASSA ACRILICA PARA PAREDES INTERIOR/EXTERIOR;L;9,80
9868;TUBO PVC, SOLDAVEL, DN 25 MM, AGUA FRIA (NBR-5648);M;4,20
9869;TUBO PVC, SOLDAVEL, DN 32 MM, AGUA FRIA (NBR-5648);M;8,90
9838;TUBO PVC SERIE NORMAL, DN 100 MM, PARA ESGOTO PREDIAL (NBR 5688);M;19,70
9836;TUBO PVC SERIE NORMAL, DN 40 MM, PARA ESGOTO PREDIAL (NBR 5688);M;6,80
3540;JOELHO PVC, SOLDAVEL, 90 GRAUS, 25 MM, PARA AGUA FRIA PREDIAL;UN;0,95
3536;JOELHO PVC, SOLDAVEL, 90 GRAUS, 32 MM, PARA AGUA FRIA PREDIAL;UN;2,40
20078;ADESIVO PLASTICO PARA PVC, FRASCO COM 175 GR;UN;14,50
1014;CABO DE COBRE, FLEXIVEL, CLASSE 4 OU 5, ISOLACAO EM PVC/A, ANTICHAMA BWF-B, 1 CONDUTOR, 450/750 V, SECAO NOMINAL 2,5 MM2;M;2,85
1013;CABO DE COBRE, FLEXIVEL, CLASSE 4 OU 5, ISOLACAO EM PVC/A, ANTICHAMA BWF-B, 1 CONDUTOR, 450/750 V, SECAO NOMINAL 1,5 MM2;M;1,90
981;CABO DE COBRE, FLEXIVEL, CLASSE 4 OU 5, ISOLACAO EM PVC/A, ANTICHAMA BWF-B, 1 CONDUTOR, 450/750 V, SECAO NOMINAL 4 MM2;M;4,60
2673;ELETRODUTO PVC FLEXIVEL CORRUGADO, COR AMARELA, DE 25 MM;M;2,10
38191;TOMADA 2P+T 10A, 250V (APENAS MODULO);UN;9,80
38085;INTERRUPTOR SIMPLES 10A, 250V (APENAS MODULO);UN;7,60
1570;DISJUNTOR TIPO DIN/IEC, MONOPOLAR DE 6 ATE 32A;UN;14,90
11587;PORTA DE MADEIRA, FOLHA LEVE (NBR 15930), DE 80 X 210 CM, E = 35 MM, NUCLEO SARRAFEADO;UN;245,00
10498;JANELA DE CORRER EM ALUMINIO, 120 X 120 CM, 2 FOLHAS, COM VIDRO;UN;780,00
4823;MASSA PARA VIDRO;KG;12,30
7175;TELHA DE FIBROCIMENTO ONDULADA E = 6 MM, DE 2,44 X 1,10 M (SEM AMIANTO);UN;72,40
7194;TELHA CERAMICA TIPO COLONIAL, COMPRIMENTO DE *50* CM, RENDIMENTO DE *26* TELHAS/M2;MIL;1450,00
3083;IMPERMEABILIZANTE FLEXIVEL BRANCO DE BASE ACRILICA PARA COBERTURAS;KG;18,70
40874;MANTA ASFALTICA ELASTOMERICA EM POLIESTER 3 MM, TIPO III, CLASSE B;M2;48,90
4750;PEDREIRO (HORISTA);H;23,40
6111;SERVENTE DE OBRAS (HORISTA);H;17,90
4783;PINTOR (HORISTA);H;23,10
2696;ELETRICISTA (HORISTA);H;24,20
2436;ENCANADOR OU BOMBEIRO HIDRAULICO (HORISTA);H;23,80
