linha;codigo_esperado
10 sacos cimento cp2;1381
50 kg cimento cp ii 32;1379
2 milheiros tijolo 8 furos;7271
1500 tijolo 8 furos;7271
1 milheiro bloco ceramico 6 furos;7267
120 bloco de concreto estrutural 14x19x39;650
3 m3 areia media;370
2m³ areia fina;366
4 m3 brita 1;4721
2 m3 brita 2;4722
30 kg vergalhao 10mm ca50;34
25 kg ferro 8mm;33
20 kg aço ca 60 5mm;43059
5 kg arame recozido 18;337
3 kg prego 18x30;5075
10 m2 tela soldada q138;34557
40 kg argamassa ac3;37595
6 m3 concreto usinado c25 bombeavel;11964
45 m2 porcelanato 60x60 polido;36179
18 l tinta acrilica branca fosca;7356
36 litros selador acrilico;6085
12 m tubo pvc esgoto 100mm;9838
30 m cano soldavel 25mm agua fria;9868
15 joelho 90 pvc 25mm;3540
100 m fio flexivel 2,5mm;1014
10 tomada 2p+t 10a;38191
2 porta de madeira 80x210;11587
40 h pedreiro;4750
40 horas servente;6111
6 parafuso sextavado 3/8;
